FirstName,LastName,Email,Phone,Gender,Status,Profile,Location,DateCreated,DateUpdated
jbed,kejcb,jadhavomkar830988@gmail.com,7758875623,Male,Active,image-1697609646560.download.jpg,jhbsdbh,Wed Oct 18 2023 11:44:06 GMT+0530 (India Standard Time),-
omkar,jwrhbj,Myname9384@gmail.com,7758896623,Male,InActive,image-1697689972526.download.jpg,hof,Thu Oct 19 2023 10:02:52 GMT+0530 (India Standard Time),-
ekfn,skfdjks,jadhavr83088@gmail.com,9245790824,Male,InActive,image-1697690900417.download.jpg,kwehf,Thu Oct 19 2023 10:18:20 GMT+0530 (India Standard Time),-
jerhf,mswd,jadar83088@gmail.com,9245709754,Male,InActive,image-1697695007971.download.jpg,mumbai,Thu Oct 19 2023 11:26:47 GMT+0530 (India Standard Time),-
sdib,wmen,wefj@24387gmail.com,9245708954,Female,InActive,image-1697695480266.download.jpg,mumbai,Thu Oct 19 2023 11:34:40 GMT+0530 (India Standard Time),-
suew,emnr,wefj@2gmail.com,7758098606,Female,InActive,image-1697695629031.download.jpg,mumbai,Thu Oct 19 2023 11:37:09 GMT+0530 (India Standard Time),-
bjudbujwhebd,skdj,jadhavomkar1408@gmail.com,7758897604,Male,InActive,image-1698038814048.download.jpg,kwehf,Mon Oct 23 2023 10:56:54 GMT+0530 (India Standard Time),-
msnf,Sharma,jadhav1232ldk@gmail.com,9345346983,Female,InActive,image-1698214201098.download.jpg,mumbai,Wed Oct 25 2023 11:40:01 GMT+0530 (India Standard Time),Thu Oct 26 2023 11:09:21 GMT+0530 (India Standard Time)
bhsv,msnd,jadhavomkar8843088@gmail.com,7758986606,Female,InActive,image-1698903330240.website.jpg,hof,Thu Nov 02 2023 11:05:30 GMT+0530 (India Standard Time),-
pooja,Sharma,jadhavomkar1467508@gmail.com,9245982924,Male,Active,image-1699248800745.download.jpg,mumbai,Mon Nov 06 2023 11:03:20 GMT+0530 (India Standard Time),-